{
    "model_name": "resnet18",
    "config": {
        "lr": 0.0001,
        "batch_size": 128,
        "epochs": 15,
        "weight_decay": 0.0005,
        "freeze_backbone": false
    },
    "best_val_acc": 0.9654,
    "test_loss": 0.1334937513716519,
    "test_metrics": {
        "accuracy": 0.9627,
        "precision_macro": 0.962639442485755,
        "recall_macro": 0.9627000000000001,
        "f1_macro": 0.9626422913568223,
        "precision_weighted": 0.962639442485755,
        "recall_weighted": 0.9627,
        "f1_weighted": 0.9626422913568226
    },
    "classification_report": "              precision    recall  f1-score   support\n\n    airplane       0.97      0.97      0.97      1000\n  automobile       0.97      0.98      0.98      1000\n        bird       0.96      0.95      0.96      1000\n         cat       0.93      0.92      0.92      1000\n        deer       0.96      0.97      0.97      1000\n         dog       0.94      0.93      0.93      1000\n        frog       0.97      0.99      0.98      1000\n       horse       0.98      0.97      0.97      1000\n        ship       0.97      0.98      0.97      1000\n       truck       0.97      0.97      0.97      1000\n\n    accuracy                           0.96     10000\n   macro avg       0.96      0.96      0.96     10000\nweighted avg       0.96      0.96      0.96     10000\n",
    "confusion_matrix": [
        [
            970,
            1,
            4,
            1,
            1,
            0,
            0,
            0,
            19,
            4
        ],
        [
            1,
            980,
            0,
            1,
            0,
            0,
            0,
            0,
            2,
            16
        ],
        [
            8,
            0,
            953,
            13,
            7,
            5,
            9,
            2,
            3,
            0
        ],
        [
            2,
            1,
            13,
            919,
            7,
            43,
            10,
            1,
            3,
            1
        ],
        [
            2,
            0,
            7,
            6,
            973,
            4,
            2,
            6,
            0,
            0
        ],
        [
            1,
            1,
            10,
            42,
            8,
            926,
            4,
            7,
            1,
            0
        ],
        [
            3,
            1,
            2,
            4,
            2,
            0,
            987,
            1,
            0,
            0
        ],
        [
            3,
            0,
            3,
            4,
            12,
            9,
            2,
            967,
            0,
            0
        ],
        [
            9,
            3,
            1,
            0,
            0,
            1,
            1,
            0,
            981,
            4
        ],
        [
            2,
            21,
            1,
            0,
            0,
            0,
            0,
            0,
            5,
            971
        ]
    ]
}